fr24_id,flight,callsign,operating_as,painted_as,type,reg,orig_icao,orig_iata,datetime_takeoff,runway_takeoff,dest_icao,dest_iata,dest_icao_actual,dest_iata_actual,datetime_landed,runway_landed,flight_time,actual_distance,circle_distance,category,hex,first_seen,last_seen,flight_ended
38b9426e,RFF8877,RFF8877,CHD,RFF,T154,RA-85155,UUMU,CKL,2025-01-14T18:29:48Z,,OSLK,LTK,OSLK,LTK,2025-01-14T22:06:53Z,,13025.0,2889.42,2277.75,Military_and_government,154CA3,2025-01-14T18:30:35Z,2025-01-14T22:05:48Z,True
38bc29ae,RFF406,RFF406,TTF,RFF,IL76,RA-78835,,,,,OSLK,LTK,OSLK,LTK,2025-01-15T17:25:43Z,,,696.646,509.781,Military_and_government,1533F3,2025-01-15T16:30:17Z,2025-01-15T17:17:47Z,True
38c61856,RFF303,RFF303,CHD,RFF,T154,RA-85155,OSLK,LTK,2025-01-18T06:59:17Z,,,,,,,,,3404.35,4.38788,Military_and_government,154CA3,2025-01-18T07:00:58Z,2025-01-18T13:52:31Z,True
38c76f6c,RFF8878,RFF8878,CHD,RFF,T154,RA-85155,OSLK,LTK,2025-01-18T17:30:39Z,35R,UUMU,CKL,UUMU,CKL,2025-01-18T21:21:12Z,,13833.0,2866.22,2271.22,Military_and_government,154CA3,2025-01-18T17:32:21Z,2025-01-18T21:19:43Z,True
397033b4,RFF9930,RFF9930,TTF,RFF,A124,RA-82040,,,,,OSLK,LTK,OSLK,LTK,2025-03-11T17:52:54Z,,,378.581,261.317,Military_and_government,154078,2025-03-11T17:22:26Z,2025-03-11T17:51:47Z,True
3974b553,RFF8071,RFF8071,RFF,RFF,IL76,RA-78830,,,,,OSLK,LTK,OSLK,LTK,2025-03-13T03:02:26Z,,,1451.35,1070.2,Military_and_government,1533EE,2025-03-13T00:47:35Z,2025-03-13T03:02:23Z,True
397544cb,RFF8069,RFF8069,RFF,RFF,IL76,RA-78840,UUMU,CKL,2025-03-13T06:15:39Z,,OSLK,LTK,OSLK,LTK,2025-03-13T10:43:09Z,,16050.0,2902.47,2302.58,Military_and_government,1533F8,2025-03-13T06:19:52Z,2025-03-13T10:43:10Z,True
3975b17d,RFF8072,RFF8072,RFF,RFF,IL76,RA-78830,OSLK,LTK,2025-03-13T10:17:12Z,,UUMU,CKL,UUMU,CKL,2025-03-13T15:18:32Z,,18080.0,2847.26,2275.81,Military_and_government,1533EE,2025-03-13T10:18:31Z,2025-03-13T15:19:26Z,True
3976d70b,RFF408,RFF408,RFF,RFF,IL76,RA-78840,OSLK,LTK,2025-03-13T17:08:19Z,,,,,,,,,2555.97,2.80999,Military_and_government,1533F8,2025-03-13T17:11:09Z,2025-03-14T01:46:25Z,True
397bb2b8,,78352,RFF,RFF,IL76,RA-78840,OSLK,LTK,2025-03-15T06:01:19Z,,,,,,,,,2408.08,2003.97,Military_and_government,1533F8,2025-03-15T06:05:10Z,2025-03-15T13:32:40Z,True
39a483c0,RFF8092,RFF8092,CHD,RFF,T154,RA-85042,OSLK,LTK,2025-03-27T17:58:43Z,35L,UUMU,CKL,UUMU,CKL,2025-03-27T22:24:17Z,,15934.0,3559.46,2272.74,Military_and_government,154C32,2025-03-27T14:17:59Z,2025-03-27T22:23:34Z,True
39d02689,RFF8128,RFF8128,RFF,RFF,T154,RA-85559,OSLK,LTK,2025-04-09T14:07:10Z,,OSLK,LTK,OSLK,LTK,2025-04-09T12:16:56Z,,-6614.0,3033.74,2251.83,Military_and_government,154E37,2025-04-09T08:20:16Z,2025-04-09T17:33:57Z,True
39d1b598,RFF8122,RFF8122,RFF,RFF,IL76,RA-78847,OSLK,LTK,2025-04-10T05:17:34Z,,OSLK,LTK,OSLK,LTK,2025-04-09T21:16:23Z,,-28871.0,3136.55,2276.3,Military_and_government,1533FF,2025-04-09T16:18:54Z,2025-04-10T09:38:41Z,True
39eeaa51,RFF8123,RFF8123,RFF,RFF,IL76,RA-78830,UUMU,CKL,2025-04-17T08:17:21Z,,OSLK,LTK,OSLK,LTK,2025-04-17T12:46:58Z,,16177.0,3018.09,2267.53,Military_and_government,1533EE,2025-04-17T08:20:33Z,2025-04-17T12:46:15Z,True
39f43b90,RFF8124,RFF8124,RFF,RFF,IL76,RA-78830,OSLK,LTK,2025-04-18T17:09:39Z,,UUMU,CKL,UUMU,CKL,2025-04-18T22:03:19Z,,17620.0,3115.47,2300.86,Military_and_government,1533EE,2025-04-18T17:13:17Z,2025-04-18T22:02:33Z,True
39f6774c,,,RFF,RFF,IL62,RA-86496,UUMU,CKL,2025-04-19T09:47:01Z,,OSLK,LTK,OSLK,LTK,2025-04-19T13:43:51Z,,14210.0,3183.93,2309.76,Military_and_government,1551E0,2025-04-19T09:51:11Z,2025-04-19T13:43:31Z,True
3a1ff6d9,,,RFF,RFF,IL62,RA-86496,,,,,OSLK,LTK,OSLK,LTK,2025-04-30T12:40:18Z,,,685.142,612.993,Military_and_government,1551E0,2025-04-30T11:47:27Z,2025-04-30T12:39:33Z,True
3a2093db,,,RFF,RFF,IL62,RA-86496,OSLK,LTK,2025-04-30T14:36:35Z,,,,,,,,,2952.62,2218.42,Military_and_government,1551E0,2025-04-30T14:37:56Z,2025-04-30T18:23:41Z,True
3a3039d3,RFF401,RFF401,TTF,RFF,A124,RA-82030,OSLK,LTK,2025-05-04T18:34:45Z,,,,,,,,,1495.22,1375.39,Military_and_government,15406E,2025-05-04T18:38:51Z,2025-05-04T20:47:54Z,True
3a4bfe54,RFF8184,RFF8184,TTF,RFF,A124,RA-82030,OSLK,LTK,2025-05-12T05:01:17Z,,,,,,,,,1098.88,789.35,Military_and_government,15406E,2025-05-12T05:01:21Z,2025-05-12T06:28:21Z,True
3a55b4b0,RFF8186,RFF8186,RFF,RFF,T154,RA-85563,OSLK,LTK,2025-05-14T17:35:05Z,,,,,,,,,2292.16,1817.11,Military_and_government,149C77,2025-05-14T17:39:32Z,2025-05-14T21:07:39Z,True
3a5c15da,,,RFF,RFF,IL62,RA-86496,OSLK,LTK,2025-05-16T09:44:50Z,35R,UUMU,CKL,UUMU,CKL,2025-05-16T13:37:01Z,,13931.0,2952.16,2282.28,Military_and_government,1551E0,2025-05-16T09:46:00Z,2025-05-16T13:36:01Z,True
3a7814a4,RFF402,RFF402,RFF,RFF,IL76,RA-78850,OSLK,LTK,2025-05-23T17:17:48Z,,OSLK,LTK,OSLK,LTK,2025-05-24T03:19:36Z,,36108.0,1439.5,16.5996,Military_and_government,153402,2025-05-23T17:18:46Z,2025-05-24T03:19:20Z,True
3a7a0d48,RFF8186,RFF8186,RFF,RFF,IL76,RA-78850,OSLK,LTK,2025-05-24T06:06:01Z,,UUBW,ZIA,UUBW,ZIA,2025-05-24T10:32:59Z,,16018.0,2895.42,2235.21,Military_and_government,153402,2025-05-24T06:07:45Z,2025-05-24T10:32:18Z,True
3aa4470a,,96944,RFF,RFF,IL62,RA-86559,OSLK,LTK,2025-06-04T11:03:38Z,,,,,,,,,4641.95,2220.88,Military_and_government,15521F,2025-06-04T11:04:36Z,2025-06-04T22:30:43Z,True
3aced69c,,,RFF,RFF,IL62,RA-86539,UUMU,CKL,2025-06-15T08:43:31Z,,OSLK,LTK,OSLK,LTK,2025-06-15T12:52:44Z,,14953.0,2997.58,2288.98,Military_and_government,15520B,2025-06-15T08:48:40Z,2025-06-15T12:50:11Z,True
3ade6be3,RFF8237,RFF8237,RFF,RFF,IL76,RA-78850,UUMU,CKL,2025-06-19T08:54:53Z,,OSLK,LTK,OSLK,LTK,2025-06-19T13:20:16Z,,15923.0,2944.4,2280.43,Military_and_government,153402,2025-06-19T08:59:57Z,2025-06-19T13:20:00Z,True
3ae01c29,RFF402,RFF402,RFF,RFF,IL76,RA-78850,OSLK,LTK,2025-06-19T17:04:21Z,17L,OSLK,LTK,OSLK,LTK,2025-06-20T03:37:20Z,35L,37979.0,1446.4,3.36981,Military_and_government,153402,2025-06-19T17:01:50Z,2025-06-20T03:36:50Z,True
3ae44cad,RFF8238,RFF8238,RFF,RFF,IL76,RA-78850,OSLK,LTK,2025-06-20T17:15:22Z,,,,,,,,,2945.69,2261.72,Military_and_government,153402,2025-06-20T17:15:50Z,2025-06-20T21:35:06Z,True
3b1d38a5,,OR2028,,,AT8T,OR-2028,LTAF,ADA,2025-07-05T12:12:59Z,23,OSLK,LTK,OSLK,LTK,2025-07-05T13:58:20Z,17L,6321.0,510.339,138.37,Military_and_government,4B801C,2025-07-05T12:03:36Z,2025-07-05T14:27:30Z,True
3b2b494c,RFF8281,RFF8281,CHD,RFF,T154,RA-85042,UUMU,CKL,2025-07-09T07:03:18Z,12R,OSLK,LTK,OSLK,LTK,2025-07-09T11:13:09Z,,14991.0,3498.01,2279.31,Military_and_government,154C32,2025-07-09T07:03:47Z,2025-07-09T11:12:38Z,True
3b2c3ea8,RFF401,RFF401,CHD,RFF,T154,RA-85042,OSLK,LTK,2025-07-09T12:48:31Z,,,,,,,,,1496.88,1396.35,Military_and_government,154C32,2025-07-09T12:48:50Z,2025-07-09T14:40:55Z,True
3b3f5613,,RAYYAN01,,,A139,QA63,,,,,OSLK,LTK,OSLK,LTK,2025-07-14T11:43:47Z,,,164.822,61.5277,Military_and_government,06A251,2025-07-14T11:32:58Z,2025-07-14T16:36:10Z,True
3b446e69,RFF8282,RFF8282,CHD,RFF,T154,RA-85042,,,2025-07-15T17:04:00Z,,OSLK,LTK,OSLK,LTK,2025-07-15T19:02:32Z,,7112.0,4881.62,2953.01,Military_and_government,154C32,2025-07-15T17:06:43Z,2025-07-16T00:17:44Z,True
3b638c39,RFF8309,RFF8309,RFF,RFF,T154,RA-85123,UUMU,CKL,2025-07-23T15:56:28Z,12R,OSLK,LTK,OSLK,LTK,2025-07-23T19:42:12Z,,13544.0,2947.33,2257.24,Military_and_government,154C83,2025-07-23T16:01:57Z,2025-07-23T19:41:39Z,True
3bc873ca,RFF7166,RFF7166,RFF,RFF,IL62,RA-86559,UUMU,CKL,2025-08-17T20:56:20Z,12L,OSLK,LTK,OSLK,LTK,2025-08-18T00:55:04Z,,14324.0,2894.47,2250.95,Military_and_government,15521F,2025-08-17T21:02:50Z,2025-08-18T00:52:51Z,True
3bdb481e,RFF7166,RFF7166,RFF,RFF,IL62,RA-86559,HTDA,DAR,2025-08-22T14:48:36Z,23,OSLK,LTK,OSLK,LTK,2025-08-22T21:19:10Z,35R,23434.0,5342.53,4690.14,Military_and_government,15521F,2025-08-22T14:45:09Z,2025-08-22T21:19:10Z,True
3c2f5d29,RFF8367,RFF8367,TTF,RFF,A124,RA-82030,,,,12L,OSLK,LTK,OSLK,LTK,2025-09-13T10:05:51Z,,,2868.2,2250.68,Military_and_government,15406E,2025-09-13T06:07:13Z,2025-09-13T10:04:44Z,True
3c30ed24,RFF401,RFF0401,TTF,RFF,A124,RA-82030,OSLK,LTK,2025-09-13T15:45:13Z,,,,,,,,,792.799,731.772,Military_and_government,15406E,2025-09-13T15:37:13Z,2025-09-13T16:51:49Z,True
3c3e3c50,RFF406,RFF406,TTF,RFF,A124,RA-82030,,,,,OSLK,LTK,OSLK,LTK,2025-09-17T04:21:22Z,,,2888.66,2147.56,Military_and_government,15406E,2025-09-17T02:25:44Z,2025-09-17T09:24:47Z,True
3c486202,RFF8367,RFF8367,TTF,RFF,A124,RA-82030,,,,,OSLK,LTK,OSLK,LTK,2025-09-19T16:28:28Z,,,1367.68,1039.65,Military_and_government,15406E,2025-09-19T14:29:35Z,2025-09-19T16:21:36Z,True
3c498871,RFF403,RFF403,RFF,RFF,A124,RA-82030,OSLK,LTK,2025-09-19T19:32:56Z,,,,,,,,,673.202,644.341,Military_and_government,15406E,2025-09-19T19:35:41Z,2025-09-19T20:32:47Z,True
3c4f6e9f,RFF8365,RFF8365,RFF,RFF,IL76,RA-78850,UUMU,CKL,2025-09-21T11:27:27Z,,OSLK,LTK,OSLK,LTK,2025-09-21T15:50:06Z,,15759.0,2942.1,2286.32,Military_and_government,153402,2025-09-21T11:31:21Z,2025-09-21T15:49:29Z,True
3c50c41d,RFF8366,RFF8366,RFF,RFF,IL76,RA-78850,OSLK,LTK,2025-09-21T18:41:41Z,,,,,,,,,2964.92,2255.0,Military_and_government,153402,2025-09-21T18:41:24Z,2025-09-21T23:19:13Z,True
3c52589d,,7,,,T134,YK-AYB,,,,,OSLK,LTK,OSLK,LTK,2025-09-22T06:58:38Z,,,274.431,168.621,,778722,2025-09-22T06:34:32Z,2025-09-22T06:53:44Z,True
3c52a3ba,,7,,,T134,YK-AYB,OSLK,LTK,2025-09-22T08:49:22Z,,,,,,,,,223.816,171.639,,778722,2025-09-22T08:53:15Z,2025-09-22T09:13:02Z,True
3c598746,RFF402,RFF402,TTF,RFF,A124,RA-82030,,,,,OSLK,LTK,OSLK,LTK,2025-09-24T05:02:31Z,35L,,771.113,729.588,Military_and_government,15406E,2025-09-24T04:01:02Z,2025-09-24T05:02:41Z,True
3c5a385f,RFF8384,RFF8384,TTF,RFF,A124,RA-82030,OSLK,LTK,2025-09-24T09:15:47Z,,,,,,,,,3032.3,2249.28,Military_and_government,15406E,2025-09-24T09:16:36Z,2025-09-24T13:15:09Z,True
3c66991d,RFF8381,RFF8381,RFF,RFF,IL76,RA-78840,UUEE,SVO,2025-09-27T11:06:48Z,,OSLK,LTK,OSLK,LTK,2025-09-27T15:21:37Z,,15289.0,2966.89,2285.08,Military_and_government,1533F8,2025-09-27T11:10:21Z,2025-09-27T15:19:00Z,True
3c685330,RFF8382,RFF8382,RFF,RFF,IL76,RA-78840,OSLK,LTK,2025-09-27T19:55:12Z,,,,,,,,,3188.57,2271.91,Military_and_government,1533F8,2025-09-27T19:57:13Z,2025-09-28T00:17:01Z,True
3c7a10fc,RFF8384,RFF8384,TTF,RFF,A124,RA-82030,OSLK,LTK,2025-10-02T09:01:41Z,,,,,,,,,1069.88,815.443,Military_and_government,15406E,2025-10-02T09:05:37Z,2025-10-02T10:29:08Z,True
3cad6b6f,RF8422,RF8422,RFF,ERF,IL62,RA-86559,UUMU,CKL,2025-10-15T20:04:49Z,12R,OSLK,LTK,OSLK,LTK,2025-10-16T02:26:09Z,,22880.0,3555.12,2264.55,Military_and_government,15521F,2025-10-15T20:09:23Z,2025-10-16T02:19:43Z,True
3caf5ade,RFF8422,RFF8422,RFF,RFF,IL62,RA-86559,OSLK,LTK,2025-10-16T09:44:12Z,,,,,,,,,3356.31,2289.37,Military_and_government,15521F,2025-10-16T09:49:20Z,2025-10-16T13:26:04Z,True
3cb35b57,RFF8419,RFF8419,TTF,RFF,A124,RA-82030,,,,,OSLK,LTK,OSLK,LTK,2025-10-17T10:43:42Z,,,1221.8,914.752,Military_and_government,15406E,2025-10-17T08:57:29Z,2025-10-17T10:38:20Z,True
3cc9391a,RFF401,RFF401,RFF,RFF,IL62,RA-86559,OSLK,LTK,2025-10-23T03:08:25Z,35R,,,,,,,,1512.57,1389.46,Military_and_government,15521F,2025-10-23T03:09:39Z,2025-10-23T05:21:36Z,True
3cc9385e,RFF404,RFF404,TTF,RFF,A124,RA-82030,,,,,OSLK,LTK,OSLK,LTK,2025-10-23T05:07:45Z,,,1499.63,1343.18,Military_and_government,15406E,2025-10-23T03:10:42Z,2025-10-23T05:08:02Z,True
3cc9d83d,RFF8420,RFF8420,TTF,RFF,A124,RA-82030,OSLK,LTK,2025-10-23T08:30:20Z,,,,,,,,,1333.71,927.87,Military_and_government,15406E,2025-10-23T08:31:43Z,2025-10-23T10:09:42Z,True
3cccc9e4,RFF8419,RFF8419,TTF,RFF,A124,RA-82030,,,,,OSLK,LTK,OSLK,LTK,2025-10-24T01:59:53Z,17L,,1189.68,845.203,Military_and_government,15406E,2025-10-24T00:15:53Z,2025-10-24T01:59:16Z,True
3ccd6361,RFF403,RFF403,TTF,RFF,A124,RA-82030,OSLK,LTK,2025-10-24T04:48:11Z,,,,,,,,,1240.02,1134.15,Military_and_government,15406E,2025-10-24T04:50:08Z,2025-10-24T06:37:37Z,True
3cd18e0a,RFF404,RFF404,TTF,RFF,A124,RA-82030,,,,,OSLK,LTK,OSLK,LTK,2025-10-25T09:14:25Z,,,1210.13,1150.42,Military_and_government,15406E,2025-10-25T07:26:16Z,2025-10-25T09:07:55Z,True
3cd29c4d,RFF8420,RFF8420,RFF,RFF,A124,RA-82030,OSLK,LTK,2025-10-25T14:31:27Z,,,,,,,,,1457.11,1022.38,Military_and_government,15406E,2025-10-25T14:32:20Z,2025-10-25T16:14:19Z,True
3cd54a5c,RFF402,RFF402,RFF,RFF,IL62,RA-86559,,,2025-10-26T11:54:29Z,,OSLK,LTK,OSLK,LTK,2025-10-26T13:52:20Z,,7071.0,1483.88,1385.55,Military_and_government,15521F,2025-10-26T11:59:34Z,2025-10-26T13:46:02Z,True
3cd62c0a,RFF8416,RFF8416,RFF,RFF,IL62,RA-86559,OSLK,LTK,2025-10-26T17:08:21Z,,,,,,,,,3118.5,2306.38,Military_and_government,15521F,2025-10-26T17:12:41Z,2025-10-26T21:04:43Z,True
3cdeef8d,TTF8443,RFF8443,TTF,TTF,A124,RA-82030,UGSS,SUI,,,OSLK,LTK,OSLK,LTK,2025-10-29T09:11:48Z,,,1416.0,1068.97,Military_and_government,15406E,2025-10-29T07:08:35Z,2025-10-29T09:04:56Z,True
3ce030b9,TTF403,RFF403,TTF,TTF,A124,RA-82030,OSLK,LTK,2025-10-29T15:01:41Z,,,,,,,,,742.633,671.103,Military_and_government,15406E,2025-10-29T15:05:10Z,2025-10-29T16:06:33Z,True
3cfc5770,RFF404,RFF404,TTF,RFF,A124,RA-82030,HEAL,DBB,,,OSLK,LTK,OSLK,LTK,2025-11-06T08:20:23Z,,,750.481,707.719,Military_and_government,15406E,2025-11-06T07:15:35Z,2025-11-06T08:19:46Z,True
3cfcd61d,RFF8444,RFF8444,TTF,RFF,A124,RA-82030,OSLK,LTK,2025-11-06T11:07:21Z,17L,,,,,,,,1574.48,1108.41,Military_and_government,15406E,2025-11-06T11:08:02Z,2025-11-06T13:11:05Z,True
3d0906b9,,,RFF,RFF,IL62,RA-86539,UUMU,CKL,2025-11-09T20:27:22Z,12R,OSLK,LTK,OSLK,LTK,2025-11-10T00:10:31Z,,13389.0,2834.99,2273.78,Military_and_government,15520B,2025-11-09T20:30:18Z,2025-11-10T00:10:05Z,True
3d09d563,,,RFF,RFF,IL62,RA-86539,OSLK,LTK,2025-11-10T02:23:21Z,,,,,,,,,1414.33,1321.62,Military_and_government,15520B,2025-11-10T02:24:56Z,2025-11-10T04:18:26Z,True
3d0c2b31,RFF8445,RFF8445,RFF,RFF,IL62,RA-86559,UUMU,CKL,2025-11-10T18:59:53Z,12L,OSLK,LTK,OSLK,LTK,2025-11-10T22:58:44Z,35R,14331.0,3255.03,2269.68,Military_and_government,15521F,2025-11-10T19:03:33Z,2025-11-10T22:58:44Z,True
3d0d281f,RFF7232,RFF7232,RFF,RFF,IL62,RA-86559,OSLK,LTK,2025-11-11T01:17:14Z,17L,GABS,BKO,GABS,BKO,2025-11-11T08:33:12Z,24,26158.0,5549.33,5078.43,Military_and_government,15521F,2025-11-11T01:16:57Z,2025-11-11T08:34:03Z,True
3d12a39a,RFF8446,RFF8446,RFF,RFF,IL62,RA-86559,OSLK,LTK,2025-11-12T15:36:09Z,17R,UUMU,CKL,UUMU,CKL,2025-11-12T19:25:16Z,,13747.0,3262.53,2290.55,Military_and_government,15521F,2025-11-12T15:37:32Z,2025-11-12T19:20:05Z,True
3d2009a3,RFF64406,RFF64406,RFF,RFF,T154,RA-85559,,,2025-11-16T06:17:28Z,,OSLK,LTK,OSLK,LTK,2025-11-16T13:49:43Z,,27135.0,728.545,86.3066,Military_and_government,154E37,2025-11-16T06:23:36Z,2025-11-16T13:40:19Z,True
3d2223ba,,,RFF,RFF,IL62,RA-86539,OSLK,LTK,2025-11-16T22:01:07Z,,UUMU,CKL,UUMU,CKL,2025-11-17T01:57:05Z,,14158.0,2975.47,2306.83,Military_and_government,15520B,2025-11-16T22:06:05Z,2025-11-17T01:53:45Z,True
3d271f2e,RFF303,RFF303,RFF,RFF,T154,RA-85563,URMM,MRV,,,OSLK,LTK,OSLK,LTK,2025-11-18T12:19:06Z,,,1372.08,1040.94,Military_and_government,149C77,2025-11-18T10:23:28Z,2025-11-18T12:10:03Z,True
3d2a5f35,RFF303,RFF401,RFF,RFF,T154,RA-85563,OSLK,LTK,2025-11-19T06:12:29Z,,,,,,,,,2809.23,18.081,Military_and_government,149C77,2025-11-19T06:17:12Z,2025-11-19T13:48:52Z,True
3d2ad669,RFF64406,RFF64406,RFF,RFF,T154,RA-85559,OSLK,LTK,2025-11-19T10:08:02Z,,OSLK,LTK,OSLK,LTK,2025-11-19T16:21:41Z,,22419.0,576.632,8.04301,Military_and_government,154E37,2025-11-19T10:13:02Z,2025-11-19T16:19:56Z,True
3d2b4cfc,RFF8463,RFF8463,RFF,RFF,IL76,RA-78850,UUMU,CKL,2025-11-19T13:15:07Z,,OSLK,LTK,OSLK,LTK,2025-11-19T18:16:56Z,,18109.0,3047.62,2312.59,Military_and_government,153402,2025-11-19T13:18:02Z,2025-11-19T18:09:11Z,True
3d2c325f,RFF64406,RFF8466,RFF,RFF,T154,RA-85559,OSLK,LTK,2025-11-19T18:05:20Z,,,,,,,,,2856.0,2250.86,Military_and_government,154E37,2025-11-19T18:10:20Z,2025-11-19T21:36:59Z,True
3d2cc239,RFF907,RFF907,RFF,RFF,IL76,RA-78850,OSLK,LTK,2025-11-19T21:02:36Z,,,,,,,,,1398.43,1230.77,Military_and_government,153402,2025-11-19T21:03:32Z,2025-11-19T23:20:49Z,True
3d2f0e50,RFF908,RFF908,RFF,RFF,IL76,RA-78850,HLTQ,TOB,,,OSLK,LTK,OSLK,LTK,2025-11-20T15:21:21Z,35R,,1285.76,1169.84,Military_and_government,153402,2025-11-20T13:31:46Z,2025-11-20T15:18:33Z,True
3d2feef1,RFF8470,RFF8470,RFF,RFF,IL76,RA-78850,OSLK,LTK,2025-11-20T18:17:44Z,,,,,,,,,2977.37,2296.16,Military_and_government,153402,2025-11-20T18:19:21Z,2025-11-20T22:47:34Z,True
3d43f309,RFF7243,RFF7243,CHD,RFF,IL62,RA-86495,OSLK,LTK,2025-11-26T11:00:50Z,,,,,,,,,5306.81,4588.42,Military_and_government,1551DF,2025-11-26T11:05:19Z,2025-11-26T19:44:48Z,True
3d4a7c2c,RFF7243,RFF7243,CHD,RFF,IL62,RA-86495,DXXX,LFW,2025-11-28T12:59:19Z,,OSLK,LTK,OSLK,LTK,2025-11-28T18:36:53Z,,20254.0,5023.39,4792.27,Military_and_government,1551DF,2025-11-28T13:01:26Z,2025-11-28T18:29:23Z,True
3d4c01be,RFF8466,RFF8466,CHD,RFF,IL62,RA-86495,OSLK,LTK,2025-11-28T22:14:22Z,,,,,,,,,2978.15,2252.65,Military_and_government,1551DF,2025-11-28T22:18:56Z,2025-11-29T02:03:27Z,True
3d4cf77d,RFF8470,RFF8470,RFF,RFF,IL76,RA-78840,OSLK,LTK,2025-11-29T07:05:47Z,,UUBW,ZIA,UUBW,ZIA,2025-11-29T11:24:47Z,,15540.0,2871.12,2270.53,Military_and_government,1533F8,2025-11-29T07:07:20Z,2025-11-29T11:18:53Z,True
3d541c6c,,RF78664,RFF,RFF,IL76,RF-78664,UUMU,CKL,2025-12-01T14:00:43Z,,OSLK,LTK,OSLK,LTK,2025-12-01T18:13:14Z,,15151.0,3785.18,2915.79,Military_and_government,1D3348,2025-12-01T14:03:55Z,2025-12-02T03:50:55Z,True
3d5aebf8,RFF8499,RFF8499,RFF,RFF,IL76,RF-78664,OSLK,LTK,,,OSLK,LTK,OSLK,LTK,2025-12-03T14:56:40Z,,,652.501,600.344,Military_and_government,1D3348,2025-12-03T13:57:39Z,2025-12-03T14:48:25Z,True
3d5d8756,RFF8492,RFF8492,RFF,RFF,IL76,RF-78664,OSLK,LTK,,,,,,,,,,2876.43,2285.94,Military_and_government,1D3348,2025-12-04T06:10:23Z,2025-12-04T10:07:15Z,True
3d5dfdc1,RFF96732,RFF8497,RFF,RFF,IL76,RA-78840,UUMU,CKL,2025-12-04T10:14:40Z,,OSLK,LTK,OSLK,LTK,2025-12-04T23:00:00Z,,45920.0,2937.51,2271.63,Military_and_government,1533F8,2025-12-04T10:20:37Z,2025-12-04T22:54:08Z,True
3d5fe0bb,RFF8476,RFF8476,,RFF,A124,RA-82037,URKK,KRR,,,OSLK,LTK,OSLK,LTK,2025-12-04T23:13:37Z,,,2908.49,2131.93,Military_and_government,154075,2025-12-04T21:14:53Z,2025-12-05T04:45:53Z,True
3d61b951,RFF8498,RFF8498,RFF,RFF,IL76,RA-78840,OSLK,LTK,2025-12-05T11:23:36Z,,UUMU,CKL,UUMU,CKL,2025-12-05T15:41:38Z,,15482.0,2815.8,2313.02,Military_and_government,1533F8,2025-12-05T11:29:07Z,2025-12-05T15:37:01Z,True
3d648533,RFF8497,RFF8497,RFF,RFF,T154,RA-85563,UUMU,CKL,2025-12-06T06:18:01Z,,OSLK,LTK,OSLK,LTK,2025-12-06T10:02:32Z,,13471.0,2860.28,2254.97,Military_and_government,149C77,2025-12-06T06:20:52Z,2025-12-06T09:52:10Z,True
3d65a681,RFF8492,RFF8492,RFF,RFF,IL76,RF-78664,OSLK,LTK,,,UUMU,CKL,UUMU,CKL,2025-12-06T20:22:15Z,,,2911.05,2252.31,Military_and_government,1D3348,2025-12-06T16:02:27Z,2025-12-06T20:17:57Z,True
3d67c791,RFF8498,RFF8498,RFF,RFF,T154,RA-85563,OSLK,LTK,,,,,,,,,,2720.42,2220.11,Military_and_government,149C77,2025-12-07T09:14:48Z,2025-12-07T12:27:00Z,True
3d733045,RFF407,RFF407,CHD,RFF,IL62,RA-86572,OSLK,LTK,2025-12-10T15:01:42Z,,,,,,,,,1479.51,1372.2,Military_and_government,15522C,2025-12-10T15:06:23Z,2025-12-10T16:57:58Z,True
3d734d4f,RFF8493,RFF8493,RFF,RFF,IL76,RF-78664,UUMU,CKL,2025-12-10T15:38:05Z,,OSLK,LTK,OSLK,LTK,2025-12-10T19:56:32Z,,15507.0,3613.02,2730.19,Military_and_government,1D3348,2025-12-10T15:41:28Z,2025-12-11T00:04:27Z,True
3d74dd0a,RFF8499,RFF8499,RFF,RFF,IL76,RF-78664,OSLK,LTK,,,,,,,,,,3144.99,3118.25,Military_and_government,1D3348,2025-12-11T00:58:39Z,2025-12-11T06:00:41Z,True
3d74e4c2,RFF8476,RFF8476,,RFF,A124,RA-82037,,,2025-12-11T01:04:15Z,,OSLK,LTK,OSLK,LTK,2025-12-11T03:15:46Z,,7891.0,1455.93,1389.06,Military_and_government,154075,2025-12-11T01:10:51Z,2025-12-11T03:09:16Z,True
3d766483,RFF8476,RFF8476,,RFF,A124,RA-82037,OSLK,LTK,,,,,,,,,,1247.05,1004.22,Military_and_government,154075,2025-12-11T13:04:05Z,2025-12-11T14:44:21Z,True
3d7b9e81,RFF8494,RFF8494,RFF,RFF,IL76,RF-78664,OSLK,LTK,2025-12-12T19:58:20Z,,UUMU,CKL,UUMU,CKL,2025-12-13T00:47:49Z,,17369.0,3310.99,2291.76,Military_and_government,1D3348,2025-12-12T20:02:53Z,2025-12-13T00:44:10Z,True
3d7beda5,RFF8492,RFF8492,CHD,RFF,IL62,RA-86572,OSLK,LTK,2025-12-12T21:30:51Z,,UUMU,CKL,UUMU,CKL,2025-12-13T01:56:27Z,,15936.0,3437.89,2291.33,Military_and_government,15522C,2025-12-12T21:35:44Z,2025-12-13T01:53:01Z,True
3d80d6fb,RFF8493,RFF8493,RFF,RFF,T154,RA-85559,UUMU,CKL,,,OSLK,LTK,OSLK,LTK,2025-12-14T16:13:30Z,,,2878.49,2311.94,Military_and_government,154E37,2025-12-14T12:38:58Z,2025-12-14T16:05:40Z,True
3d810ab8,RFF8497,RFF8497,RFF,RFF,IL76,RF-78664,UUMU,CKL,,,OSLK,LTK,OSLK,LTK,2025-12-14T18:19:21Z,,,2870.48,2315.85,Military_and_government,1D3348,2025-12-14T14:04:56Z,2025-12-14T18:11:06Z,True
3d81e51f,RFF405,RFF405,,RFF,A124,RA-82037,OSLK,LTK,2025-12-14T19:53:25Z,,,,,,,,,1440.17,1322.85,Military_and_government,154075,2025-12-14T19:57:17Z,2025-12-14T22:03:55Z,True
3d836054,RFF8494,RFF8494,RFF,RFF,T154,RA-85559,OSLK,LTK,,,UUMU,CKL,UUMU,CKL,2025-12-15T11:26:40Z,,,3510.12,2301.23,Military_and_government,154E37,2025-12-15T07:04:56Z,2025-12-15T11:23:05Z,True
3d83823b,RFF8498,RFF8498,RFF,RFF,IL76,RF-78664,OSLK,LTK,2025-12-15T08:06:07Z,,,,,,,,,1368.83,1090.45,Military_and_government,1D3348,2025-12-15T08:09:46Z,2025-12-15T10:05:56Z,True
3d8b12b5,RFF8517,RFF8517,RFF,RFF,IL76,RF-78664,OSLK,LTK,2025-12-17T09:48:17Z,,,,,,,,,2843.49,2237.77,Military_and_government,1D3348,2025-12-17T09:51:57Z,2025-12-17T14:27:43Z,True
3d8bd439,,7,,,T134,YK-AYB,OSLK,LTK,2025-12-17T14:24:38Z,,,,,,,,,262.57,157.128,,778722,2025-12-17T14:29:08Z,2025-12-17T14:46:27Z,True
3d8df66c,RFF7259,RFF7259,CHD,RFF,IL62,RA-86572,OSLK,LTK,2025-12-18T02:36:15Z,,FCBB,BZV,FCBB,BZV,2025-12-18T09:29:45Z,23,24810.0,5482.99,4902.9,Military_and_government,15522C,2025-12-18T02:40:14Z,2025-12-18T09:30:37Z,True
3d8f9b56,,7,,,T134,YK-AYB,OSDI,DAM,,,OSLK,LTK,OSLK,LTK,2025-12-18T16:15:59Z,,,831.439,8.17949,,778722,2025-12-18T14:46:41Z,2025-12-18T17:55:07Z,True
3d907d5a,,7,,,T134,YK-AYB,OSLK,LTK,,,,,,,,,,875.446,7.36516,,778722,2025-12-18T19:51:21Z,2025-12-18T22:16:00Z,True
3d9542d4,,,RFF,RFF,IL62,RA-86539,OSLK,LTK,2025-12-20T04:10:40Z,,,,,,,,,6002.33,2263.74,Military_and_government,15520B,2025-12-20T04:13:45Z,2025-12-20T20:24:51Z,True
3d964707,RFF8517,RFF8517,RFF,RFF,IL76,RF-78664,UUMU,CKL,2025-12-20T12:47:56Z,,OSLK,LTK,OSLK,LTK,2025-12-20T17:02:30Z,,15274.0,2894.08,2292.14,Military_and_government,1D3348,2025-12-20T12:49:44Z,2025-12-20T16:54:23Z,True
3d9906e0,RFF8517,RFF8518,RFF,RFF,IL76,RF-78664,OSLK,LTK,2025-12-21T08:26:38Z,,UUBW,ZIA,UUBW,ZIA,2025-12-21T12:08:47Z,,13329.0,3544.51,2351.29,Military_and_government,1D3348,2025-12-21T08:30:34Z,2025-12-21T15:24:11Z,True
3d9bb562,RFF8524,RFF8524,CHD,RFF,IL62,RA-86572,OSLK,LTK,2025-12-22T03:14:33Z,,,,,,,,,1511.9,1164.74,Military_and_government,15522C,2025-12-22T03:19:19Z,2025-12-22T05:03:02Z,True
3da27f38,RFF8500,RFF404,,RFF,A124,RA-82037,,,,,OSLK,LTK,OSLK,LTK,2025-12-24T04:04:20Z,,,589.375,571.826,Military_and_government,154075,2025-12-24T03:10:16Z,2025-12-24T03:57:50Z,True
3da2efa5,RFF8522,RFF8522,,RFF,A124,RA-82037,OSLK,LTK,2025-12-24T07:15:48Z,,,,,,,,,1335.53,1014.0,Military_and_government,154075,2025-12-24T07:20:17Z,2025-12-24T09:04:02Z,True
3da49584,RFF8521,RFF8521,,RFF,A124,RA-82037,,,,,OSLK,LTK,OSLK,LTK,2025-12-24T22:48:49Z,,,1249.16,999.951,Military_and_government,154075,2025-12-24T20:59:20Z,2025-12-24T22:41:34Z,True
3da50a76,RFF405,RFF405,,RFF,A124,RA-82037,OSLK,LTK,2025-12-25T01:41:19Z,,,,,,,,,1542.28,1398.93,Military_and_government,154075,2025-12-25T01:45:36Z,2025-12-25T04:14:08Z,True
3dabfdff,,7,,,AS50,EC-LLZ,,,,,OSLK,LTK,OSLK,LTK,,,,82.6805,75.6594,Helicopters,3440D1,2025-12-27T15:47:56Z,2025-12-27T16:05:09Z,True
3db4fee6,RFF8500,RFF8500,,RFF,A124,RA-82037,,,,,OSLK,LTK,OSLK,LTK,2025-12-30T14:10:06Z,,,1557.3,1503.84,Military_and_government,154075,2025-12-30T12:11:54Z,2025-12-30T14:03:36Z,True
3db62210,RFF8522,RFF8522,,RFF,A124,RA-82037,OSLK,LTK,,,,,,,,,,1420.11,1136.19,Military_and_government,154075,2025-12-30T18:45:07Z,2025-12-30T20:25:22Z,True
3dbd4b7c,,7,,,T134,YK-AYB,,,,,OSLK,LTK,OSLK,LTK,,,,575.229,23.3845,,778722,2026-01-02T06:17:25Z,2026-01-02T13:17:44Z,True
3dbe3ea2,,7,,,GLIM,D-KKSS,,,,,OSLK,LTK,OSLK,LTK,,,,129.798,129.76,Gliders,3E783E,2026-01-02T14:06:50Z,2026-01-02T15:28:45Z,True
3dc4bbef,,7,,,C82R,F-GMRE,,,2026-01-04T14:20:14Z,,OSLK,LTK,OSLK,LTK,,,,205.3,12.3517,General_aviation,393224,2026-01-04T14:22:45Z,2026-01-04T15:05:43Z,True
3dd0b8e6,RFF805,RFF805,,RFF,A124,RA-82037,OSLK,LTK,2026-01-08T01:12:10Z,,,,,,,,,1387.13,1264.44,Military_and_government,154075,2026-01-08T01:17:23Z,2026-01-08T03:29:56Z,True
3de643ca,RFF8553,RFF8553,,RFF,A124,RA-82037,OSLK,LTK,,,,,,,,,,1536.77,1074.03,Military_and_government,154075,2026-01-14T08:52:12Z,2026-01-14T11:02:58Z,True
3e0032f6,RFF8567,RFF805,,RFF,A124,RA-82037,OSLK,LTK,2026-01-21T15:34:54Z,,,,,,,,,626.02,565.165,Military_and_government,154075,2026-01-21T15:38:23Z,2026-01-21T16:39:43Z,True
3e2476be,RFF8568,RFF8568,,RFF,A124,RA-82037,OSLK,LTK,2026-02-01T06:38:57Z,,,,,,,,,1475.38,1085.99,Military_and_government,154075,2026-02-01T06:40:54Z,2026-02-01T08:34:16Z,True
3e34673e,RFF805,RFF805,,RFF,A124,RA-82037,OSLK,LTK,2026-02-05T17:29:10Z,,,,,,,,,1461.97,1346.63,Military_and_government,154075,2026-02-05T17:31:46Z,2026-02-05T19:47:53Z,True
3e347c69,RFF8619,RFF8620,CHD,RFF,T154,RA-85041,OSLK,LTK,2026-02-05T18:05:24Z,35R,UUMU,CKL,UUMU,CKL,2026-02-05T21:51:36Z,12R,13572.0,3018.29,2283.65,Military_and_government,154C31,2026-02-05T17:57:59Z,2026-02-05T21:50:46Z,True
3e41e28c,RFF8518,RFF8518,,RFF,A124,RA-82037,OSLK,LTK,2026-02-09T12:13:30Z,,,,,,,,,1684.24,1246.37,Military_and_government,154075,2026-02-09T12:17:43Z,2026-02-09T14:22:31Z,True
3e4557e5,RFF8620,RFF8620,RSD,RFF,T154,RA-85843,OSLK,LTK,2026-02-10T09:59:36Z,,,,,,,,,1587.1,1184.51,Military_and_government,154F53,2026-02-10T10:05:11Z,2026-02-10T11:46:53Z,True
3e59d44a,RFF8617,RFF8617,,RFF,A124,RA-82037,UUMU,CKL,2026-02-15T19:43:16Z,12L,OSLK,LTK,OSLK,LTK,2026-02-16T00:00:05Z,,15409.0,2875.8,2296.41,Military_and_government,154075,2026-02-15T19:47:43Z,2026-02-15T23:56:58Z,True
3e5ae822,RFF805,RFF805,,RFF,A124,RA-82037,OSLK,LTK,2026-02-16T03:27:43Z,,,,,,,,,716.651,640.69,Military_and_government,154075,2026-02-16T03:30:19Z,2026-02-16T04:37:54Z,True
3e5bc2e8,RFF8617,RFF8617,TTF,RFF,A124,RA-82030,,,,,OSLK,LTK,OSLK,LTK,2026-02-16T12:56:39Z,,,1302.73,980.83,Military_and_government,15406E,2026-02-16T11:04:03Z,2026-02-16T12:54:02Z,True
3e5c95fe,RFF8617,RFF803,TTF,RFF,A124,RA-82030,OSLK,LTK,2026-02-16T16:13:14Z,,,,,,,,,703.649,627.294,Military_and_government,15406E,2026-02-16T16:14:38Z,2026-02-16T17:23:46Z,True
3e663ccc,RFF8642,RFF8642,,RFF,A124,RA-82037,OSLK,LTK,2026-02-19T08:59:39Z,,,,,,,,,1631.02,1256.16,Military_and_government,154075,2026-02-19T09:04:51Z,2026-02-19T11:10:00Z,True
3e69a076,RFF808,RFF8642,TTF,RFF,A124,RA-82030,OSLK,LTK,2026-02-20T07:03:00Z,,,,,,,,,1115.59,790.517,Military_and_government,15406E,2026-02-20T07:07:20Z,2026-02-20T08:39:08Z,True
3e75c4c9,RFF805,RFF805,,RFF,A124,RA-82037,OSLK,LTK,2026-02-23T17:01:23Z,,,,,,,,,1371.38,1266.07,Military_and_government,154075,2026-02-23T17:05:35Z,2026-02-23T19:05:14Z,True
3e8000e5,RFF8640,RFF8640,RFF,RFF,IL62,RA-86561,OSLK,LTK,2026-02-26T08:25:36Z,17L,,,,,,,,4205.45,2278.88,Military_and_government,155221,2026-02-26T08:20:35Z,2026-02-26T12:33:43Z,True
3e84de43,RFF8642,RFF8642,,RFF,A124,RA-82037,OSLK,LTK,2026-02-27T12:51:42Z,,,,,,,,,1442.16,1086.11,Military_and_government,154075,2026-02-27T12:57:28Z,2026-02-27T14:53:14Z,True
3f33ae37,RFF8726,RFF8726,RFF,RFF,IL76,RF-78666,OSLK,LTK,2026-04-13T14:28:41Z,,,,,,,,,2875.18,2259.97,Military_and_government,1D334A,2026-04-13T14:33:18Z,2026-04-13T18:36:17Z,True
3f3c0d48,RFF801,RFF801,RFF,RFF,IL76,RF-78666,OSLK,LTK,2026-04-15T15:30:59Z,,,,,,,,,675.075,574.803,Military_and_government,1D334A,2026-04-15T15:33:23Z,2026-04-15T16:31:00Z,True
3f4afb4b,RFF8744,RFF8744,TTF,RFF,A124,RA-82030,OSLK,LTK,2026-04-19T07:26:39Z,,,,,,,,,1240.32,877.743,Military_and_government,15406E,2026-04-19T07:31:14Z,2026-04-19T09:06:22Z,True
3f4f1455,RFF8740,RFF8740,RFF,RFF,IL76,RF-78666,OSLK,LTK,2026-04-20T10:09:26Z,,,,,,,,,2722.67,2224.27,Military_and_government,1D334A,2026-04-20T10:14:42Z,2026-04-20T13:45:54Z,True
3f5313fc,RFF8744,RFF8744,TTF,RFF,A124,RA-82030,OSLK,LTK,2026-04-21T09:09:33Z,,,,,,,,,1501.48,1109.96,Military_and_government,15406E,2026-04-21T09:13:12Z,2026-04-21T11:13:20Z,True
3f5a9961,RFF805,RFF805,,RFF,A124,RA-82037,OSLK,LTK,2026-04-23T02:42:08Z,17L,,,,,,,,727.554,570.592,Military_and_government,154075,2026-04-23T02:45:50Z,2026-04-23T03:48:55Z,True
3f679a00,RFF804,RFF8744,,RFF,A124,RA-82037,OSLK,LTK,2026-04-26T08:05:48Z,,,,,,,,,1340.26,1022.51,Military_and_government,154075,2026-04-26T08:09:35Z,2026-04-26T09:51:45Z,True
3f757187,RFF8743,RFF805,,RFF,A124,RA-82037,OSLK,LTK,2026-04-29T17:56:01Z,,,,,,,,,764.611,748.829,Military_and_government,154075,2026-04-29T17:57:10Z,2026-04-29T19:04:25Z,True
3f9edff1,RFF8768,RFF8768,,RFF,A124,RA-82037,,,,,OSLK,LTK,OSLK,LTK,2026-05-10T01:59:25Z,,,1616.29,1073.71,Military_and_government,154075,2026-05-09T23:50:57Z,2026-05-10T01:59:03Z,True
3f9f611f,RFF805,RFF805,,RFF,A124,RA-82037,OSLK,LTK,2026-05-10T04:26:48Z,,,,,,,,,1448.54,1329.33,Military_and_government,154075,2026-05-10T04:24:56Z,2026-05-10T06:37:51Z,True
3fab8def,RFF808,RFF808,,RFF,A124,RA-82037,,,,,OSLK,LTK,OSLK,LTK,2026-05-13T08:05:51Z,,,753.12,688.563,Military_and_government,154075,2026-05-13T07:03:53Z,2026-05-13T08:01:59Z,True
3fb02c40,RFF8832,RFF8832,,RFF,IL76,YK-ATA,OSLK,LTK,2026-05-14T10:28:54Z,,,,,,,,,196.074,167.658,Cargo,778681,2026-05-14T10:31:30Z,2026-05-14T10:49:48Z,True
3fbf8ed3,,RF78663,RFF,RFF,IL76,RF-78663,UUMU,CKL,2026-05-18T08:26:22Z,12R,OSLK,LTK,OSLK,LTK,2026-05-18T13:02:25Z,17R,16563.0,2940.81,2255.66,Military_and_government,1D3347,2026-05-18T08:30:26Z,2026-05-18T12:41:14Z,True
3fc0c896,,RF78663,RFF,RFF,IL76,RF-78663,OSLK,LTK,2026-05-18T15:03:27Z,,,,,,,,,1491.52,1284.76,Military_and_government,1D3347,2026-05-18T15:04:54Z,2026-05-18T17:36:27Z,True
3fc2f176,RFF8769,RFF8769,,RFF,A124,RA-82037,OSLK,LTK,2026-05-19T04:00:29Z,,,,,,,,,1219.34,1002.05,Military_and_government,154075,2026-05-19T04:04:29Z,2026-05-19T05:48:52Z,True
3fc6375d,RFF801,RFF801,,RFF,A124,RA-82037,OSLK,LTK,2026-05-19T22:30:57Z,17L,,,,,,,,1420.21,1287.96,Military_and_government,154075,2026-05-19T22:32:01Z,2026-05-20T00:52:05Z,True
3fdb7f96,RFF8792,RFF8792,,RFF,A124,RA-82037,OSLK,LTK,2026-05-25T05:02:20Z,,,,,,,,,1176.23,938.562,Military_and_government,154075,2026-05-25T05:05:56Z,2026-05-25T06:42:05Z,True
3fe6ed6d,RFF802,RFF802,RFF,RFF,IL76,RF-78663,,,,,OSLK,LTK,OSLK,LTK,2026-05-28T00:55:31Z,17L,,1400.29,1323.72,Military_and_government,1D3347,2026-05-27T23:11:43Z,2026-05-28T00:53:13Z,True
3fef35fe,RFF8786,RFF8785,RFF,RFF,IL76,RF-78663,UUMU,CKL,2026-05-29T20:03:09Z,12L,OSLK,LTK,OSLK,LTK,2026-05-30T00:28:30Z,,15921.0,2894.33,2260.6,Military_and_government,1D3347,2026-05-29T20:07:02Z,2026-05-30T00:21:09Z,True
3ff0566b,RFF8786,RFF8786,RFF,RFF,IL76,RF-78663,OSLK,LTK,2026-05-30T03:27:03Z,,,,,,,,,2816.14,2244.94,Military_and_government,1D3347,2026-05-30T03:30:41Z,2026-05-30T07:09:52Z,True
3ff17e9a,RFF8790,RFF8790,RFF,RFF,IL76,RF-78666,OSLK,LTK,2026-05-30T11:39:23Z,17R,,,,,,,,2500.32,2215.19,Military_and_government,1D334A,2026-05-30T11:40:47Z,2026-05-30T14:58:05Z,True
3ff33146,RFF8787,RFF8787,RFF,RFF,IL62,RA-86559,UUMU,CKL,2026-05-30T20:07:05Z,12L,OSLK,LTK,OSLK,LTK,2026-05-31T00:13:54Z,35R,14809.0,5399.93,2277.29,Military_and_government,15521F,2026-05-30T20:11:05Z,2026-05-31T00:11:11Z,True
3ff563f2,RFF8785,RFF8785,RFF,RFF,IL76,RF-78663,,,,,OSLK,LTK,OSLK,LTK,2026-05-31T16:29:48Z,35R,,2704.88,2280.19,Military_and_government,1D3347,2026-05-31T12:32:12Z,2026-05-31T16:36:10Z,True
3ff6a8d0,RFF802,RFF803,RFF,RFF,IL76,RF-78663,OSLK,LTK,2026-05-31T18:28:27Z,17L,,,,,2026-05-31T21:13:41Z,,9914.0,691.21,646.525,Military_and_government,1D3347,2026-05-31T18:34:33Z,2026-05-31T19:33:53Z,True
3ff87c34,,,,,E314,L-711,OSLK,LTK,2026-06-01T07:28:05Z,,,,,,2026-06-01T08:53:49Z,,5144.0,703.785,128.967,Military_and_government,748711,2026-06-01T07:27:53Z,2026-06-01T08:42:45Z,True
3fff1830,RFF8787,RFF8798,RFF,RFF,IL62,RA-86559,OSLK,LTK,2026-06-02T19:51:20Z,17R,,,,,2026-06-03T00:01:51Z,,15031.0,3356.33,2263.21,Military_and_government,15521F,2026-06-02T19:51:51Z,2026-06-02T23:49:54Z,True
40086344,RFF8792,RFF8801,,RFF,A124,RA-82037,UUMU,CKL,2026-06-04T22:58:21Z,,OSLK,LTK,OSLK,LTK,2026-06-05T03:16:23Z,,15482.0,3013.31,2290.4,Military_and_government,154075,2026-06-04T23:01:33Z,2026-06-05T03:15:38Z,True
40096fc1,RFF801,RFF801,,RFF,A124,RA-82037,OSLK,LTK,2026-06-05T06:07:29Z,35R,,,,,,,,1554.79,1388.64,Military_and_government,154075,2026-06-05T06:08:19Z,2026-06-05T08:31:59Z,True
40191dc7,RFF701,RFF802,RFF,RFF,IL76,RF-78663,,,,,OSLK,LTK,OSLK,LTK,2026-06-09T06:10:28Z,,,757.457,728.51,Military_and_government,1D3347,2026-06-09T05:01:45Z,2026-06-09T06:03:27Z,True
4019af7a,RFF64768,RFF64768,RFF,RFF,T154,RA-85123,UUMU,CKL,2026-06-09T09:09:07Z,,OSLK,LTK,OSLK,LTK,2026-06-09T12:57:30Z,,13703.0,3091.39,2270.65,Military_and_government,154C83,2026-06-09T09:11:12Z,2026-06-09T12:56:10Z,True
4019d5ad,RFF802,RFF8796,RFF,RFF,IL76,RF-78663,OSLK,LTK,2026-06-09T10:09:01Z,17L,UUMU,CKL,UUMU,CKL,2026-06-09T14:22:00Z,,15179.0,2944.07,2299.72,Military_and_government,1D3347,2026-06-09T10:10:13Z,2026-06-09T14:09:10Z,True
401ab9b5,RFF64768,RFF64768,RFF,RFF,T154,RA-85123,OSLK,LTK,2026-06-09T14:31:24Z,17R,,,,,,,,756.688,678.461,Military_and_government,154C83,2026-06-09T14:31:47Z,2026-06-09T15:31:42Z,True
402441af,RFF801,RFF801,RFF,RFF,IL76,RF-78663,OSLK,LTK,2026-06-11T19:10:19Z,,,,,,,,,722.411,696.576,Military_and_government,1D3347,2026-06-11T19:12:51Z,2026-06-11T20:14:34Z,True
4027338d,RFF808,RFF808,,RFF,A124,RA-82037,,,,,OSLK,LTK,OSLK,LTK,2026-06-12T15:14:11Z,,,770.058,706.509,Military_and_government,154075,2026-06-12T14:09:54Z,2026-06-12T15:12:41Z,True
402a06e2,RFF8802,RFF8802,,RFF,A124,RA-82037,OSLK,LTK,2026-06-13T05:00:38Z,,UUMU,CKL,UUMU,CKL,2026-06-13T09:18:38Z,,15480.0,2766.88,2307.32,Military_and_government,154075,2026-06-13T05:03:49Z,2026-06-13T09:03:24Z,True
4031b97a,RFF8798,RFF8663,RFF,RFF,IL76,RF-78663,OSLK,LTK,2026-06-15T07:03:03Z,,,,,,,,,1453.69,1134.61,Military_and_government,1D3347,2026-06-15T07:07:54Z,2026-06-15T09:05:46Z,True
403c6f2a,RFF8819,RFF8819,RFF,RFF,IL76,RF-78663,,,,,OSLK,LTK,OSLK,LTK,2026-06-17T23:58:31Z,,,2954.31,2271.47,Military_and_government,1D3347,2026-06-17T19:48:13Z,2026-06-17T23:57:35Z,True
403d7082,RFF803,RFF803,RFF,RFF,IL76,RF-78663,OSLK,LTK,2026-06-18T02:05:09Z,,,,,,,,,668.77,662.596,Military_and_government,1D3347,2026-06-18T02:06:25Z,2026-06-18T03:06:36Z,True
40500168,RFF801,RFF801,RFF,RFF,IL76,RF-78666,OSLK,LTK,2026-06-22T18:02:16Z,17R,,,,,,,,1412.91,1272.21,Military_and_government,1D334A,2026-06-22T18:02:44Z,2026-06-22T20:10:32Z,True
40524831,RFF8820,RFF8820,RFF,RFF,IL76,RF-78663,OSLK,LTK,2026-06-23T08:59:54Z,,,,,,,,,2687.0,2245.4,Military_and_government,1D3347,2026-06-23T09:01:47Z,2026-06-23T12:48:16Z,True
40525a0b,RSD64764,RFF8821,RSD,RSD,T154,RA-85843,UUMU,CKL,2026-06-23T09:25:46Z,,OSLK,LTK,OSLK,LTK,2026-06-23T13:16:31Z,,13845.0,3102.1,2292.53,Military_and_government,154F53,2026-06-23T09:29:57Z,2026-06-23T13:13:45Z,True
40536d44,RSD801,RFF801,RSD,RSD,T154,RA-85843,OSLK,LTK,2026-06-23T14:49:31Z,17R,,,,,,,,1556.5,1426.86,Military_and_government,154F53,2026-06-23T14:49:49Z,2026-06-23T16:57:50Z,True
4060e8b5,,RFF807,,,A124,RA-82037,OSLK,LTK,2026-06-26T17:00:34Z,17L,,,,,,,,1483.47,1391.75,Military_and_government,154075,2026-06-26T17:01:43Z,2026-06-26T19:21:00Z,True
40612753,RFF8823,RFF8823,RFF,RFF,IL76,RF-78663,UUEE,SVO,2026-06-26T18:01:57Z,,OSLK,LTK,OSLK,LTK,2026-06-26T22:17:20Z,,15323.0,2748.26,2290.0,Military_and_government,1D3347,2026-06-26T18:08:03Z,2026-06-26T22:10:53Z,True
406240e7,RFF803,RFF803,RFF,RFF,IL76,RF-78663,OSLK,LTK,2026-06-27T00:25:39Z,,,,,,2026-06-27T03:00:37Z,,9298.0,794.371,787.204,Military_and_government,1D3347,2026-06-27T00:27:53Z,2026-06-27T01:39:25Z,True
406a2ddb,,RFF808,,,A124,RA-82037,,,,,OSLK,LTK,OSLK,LTK,2026-06-29T07:03:09Z,,,1449.81,1335.06,Military_and_government,154075,2026-06-29T05:12:16Z,2026-06-29T07:02:47Z,True
406a9535,RFF8821,RFF8821,RFF,RFF,IL76,RF-78666,OSLK,LTK,2026-06-29T08:20:07Z,17L,,,,,,,,2566.6,2203.53,Military_and_government,1D334A,2026-06-29T08:20:24Z,2026-06-29T11:52:29Z,True
406b4459,,RFF8826,,,A124,RA-82037,OSLK,LTK,2026-06-29T12:26:18Z,,,,,,2026-06-29T16:57:58Z,,16300.0,2810.96,2270.97,Military_and_government,154075,2026-06-29T12:26:14Z,2026-06-29T16:27:18Z,True
4070e880,RFF8819,RFF8819,RFF,RFF,IL76,RF-78666,,,,,OSLK,LTK,OSLK,LTK,2026-06-30T22:36:02Z,,,2881.14,2278.68,Military_and_government,1D334A,2026-06-30T18:45:26Z,2026-06-30T22:33:13Z,True
407489c4,RFF8820,RFF8820,RFF,RFF,IL76,RF-78666,OSLK,LTK,2026-07-01T15:46:47Z,17R,,,,,,,,2906.38,2274.21,Military_and_government,1D334A,2026-07-01T15:46:57Z,2026-07-01T20:08:10Z,True
4086b03d,RSD802,RFF802,RSD,RSD,T154,RA-85843,,,2026-07-06T06:59:10Z,,OSLK,LTK,OSLK,LTK,2026-07-06T09:01:59Z,17L,7369.0,1554.14,1401.03,Military_and_government,154F53,2026-07-06T07:04:34Z,2026-07-06T08:54:19Z,True
40891262,RSD8834,RFF8834,RSD,RSD,T154,RA-85843,OSLK,LTK,2026-07-06T19:28:25Z,,,,,,2026-07-06T23:02:32Z,,12847.0,2835.49,2287.16,Military_and_government,154F53,2026-07-06T19:30:21Z,2026-07-06T22:38:50Z,True
408b91ea,RFF8833,RFF8833,RFF,RFF,IL76,RA-78830,,,,,OSLK,LTK,OSLK,LTK,2026-07-07T16:59:21Z,,,2868.48,2323.67,Military_and_government,1533EE,2026-07-07T12:08:52Z,2026-07-07T16:58:12Z,True
408baaea,RFF8836,RFF8836,RFF,RFF,IL76,RF-78666,OSLK,LTK,2026-07-07T12:33:22Z,,,,,,,,,2787.65,2292.99,Military_and_government,1D334A,2026-07-07T12:36:55Z,2026-07-07T16:30:11Z,True
408eda95,RFF8838,RFF8838,RFF,RFF,IL76,RF-78663,OSLK,LTK,2026-07-08T06:10:02Z,,,,,,,,,1215.72,966.807,Military_and_government,1D3347,2026-07-08T06:14:19Z,2026-07-08T07:42:21Z,True
409169d7,RFF8837,RFF8837,RFF,RFF,IL76,RF-78663,,,,,OSLK,LTK,OSLK,LTK,2026-07-08T20:49:29Z,,,1505.96,1014.19,Military_and_government,1D3347,2026-07-08T18:35:40Z,2026-07-08T20:41:44Z,True
40921e75,RFF803,RFF803,RFF,RFF,IL76,RF-78663,OSLK,LTK,2026-07-08T22:08:19Z,,,,,,,,,1451.33,1350.53,Military_and_government,1D3347,2026-07-08T22:12:37Z,2026-07-09T00:29:11Z,True
4099a410,CHD8833,RFF8833,CHD,CHD,IL62,RA-86495,UUBW,ZIA,2026-07-10T15:22:48Z,,OSLK,LTK,OSLK,LTK,2026-07-10T19:33:43Z,,15055.0,3044.8,2249.84,Military_and_government,1551DF,2026-07-10T15:27:53Z,2026-07-10T19:33:06Z,True
409b0cb8,CHD7344,RFF7344,CHD,CHD,IL62,RA-86495,OSLK,LTK,2026-07-10T22:16:19Z,,,,,,2026-07-11T05:59:32Z,,27793.0,1411.21,1314.86,Military_and_government,1551DF,2026-07-10T22:18:30Z,2026-07-11T00:09:07Z,True
40a10ade,RFF8836,RFF8836,RFF,RFF,IL76,RF-78663,OSLK,LTK,2026-07-12T12:26:27Z,17R,,,,,,,,1481.0,1119.92,Military_and_government,1D3347,2026-07-12T12:27:40Z,2026-07-12T14:11:34Z,True
40a16834,RFF8834,RFF8834,RFF,RFF,IL76,RF-78666,OSLK,LTK,2026-07-12T14:05:51Z,17R,,,,,2026-07-12T18:11:27Z,,14736.0,2838.42,2264.17,Military_and_government,1D334A,2026-07-12T14:06:44Z,2026-07-12T17:53:48Z,True
40a58999,RFF8833,RFF8833,RFF,RFF,IL76,RF-78663,UUMU,CKL,2026-07-13T14:22:35Z,12R,OSLK,LTK,OSLK,LTK,2026-07-13T18:52:37Z,,16202.0,2732.2,2264.11,Military_and_government,1D3347,2026-07-13T14:28:18Z,2026-07-13T18:49:50Z,True
40a6d854,RFF803,RFF803,RFF,RFF,IL76,RF-78663,OSLK,LTK,2026-07-13T20:43:02Z,17L,,,,,,,,696.879,681.854,Military_and_government,1D3347,2026-07-13T20:43:51Z,2026-07-13T21:47:07Z,True
40aed9f0,RSD8833,RFF8834,RSD,RSD,T154,RA-85843,OSLK,LTK,2026-07-15T17:06:30Z,17L,,,,,2026-07-15T20:48:20Z,,13310.0,2486.75,2067.16,Military_and_government,154F53,2026-07-15T17:06:49Z,2026-07-15T19:54:32Z,True
40af33ff,CHD7344,RFF7344,CHD,CHD,IL62,RA-86495,,,,,OSLK,LTK,OSLK,LTK,2026-07-15T21:01:31Z,17R,,1981.23,1883.89,Military_and_government,1551DF,2026-07-15T18:43:05Z,2026-07-15T20:59:52Z,True
40be6072,RFF8838,RFF8838,RFF,RFF,IL76,RF-78666,OSLK,LTK,2026-07-19T11:54:30Z,,,,,,,,,1219.71,924.597,Military_and_government,1D334A,2026-07-19T11:54:39Z,2026-07-19T13:28:04Z,True
40ca0416,RFF802,AFF802,RFF,RFF,IL76,RF-78663,,,,,OSLK,LTK,OSLK,LTK,2026-07-22T09:09:53Z,,,1463.55,1345.88,Military_and_government,1D3347,2026-07-22T07:18:52Z,2026-07-22T09:07:20Z,True
40cab1b6,RFF8836,AFF8836,RFF,RFF,IL76,RF-78663,OSLK,LTK,2026-07-22T11:20:05Z,,UUMU,CKL,UUMU,CKL,2026-07-22T15:05:32Z,,13527.0,2835.28,2294.72,Military_and_government,1D3347,2026-07-22T11:21:27Z,2026-07-22T14:50:44Z,True
40d0afe6,RFF8833,AFF8833,RFF,RFF,IL76,RF-78663,UUEE,SVO,2026-07-23T17:38:05Z,,OSLK,LTK,OSLK,LTK,2026-07-23T23:49:09Z,,22264.0,4348.98,2300.61,Military_and_government,1D3347,2026-07-23T17:42:37Z,2026-07-23T23:46:25Z,True
40d2330d,RFF8833,RFF801,RFF,RFF,IL76,RF-78663,OSLK,LTK,2026-07-24T01:35:49Z,,,,,,2026-07-24T04:05:44Z,,8995.0,722.518,710.381,Military_and_government,1D3347,2026-07-24T01:39:15Z,2026-07-24T02:39:38Z,True
40dd27c8,RFF8867,RFF8867,RFF,RFF,IL76,RF-78658,UUMU,CKL,2026-07-26T17:41:33Z,,OSLK,LTK,OSLK,LTK,2026-07-26T22:20:32Z,,16739.0,2796.23,2280.23,Military_and_government,1D3342,2026-07-26T17:46:12Z,2026-07-26T22:17:51Z,True
40de4bad,RFF803,RFF803,RFF,RFF,IL76,RF-78658,OSLK,LTK,2026-07-27T00:32:02Z,,,,,,2026-07-27T03:05:08Z,,9186.0,675.057,651.358,Military_and_government,1D3342,2026-07-27T00:34:02Z,2026-07-27T01:32:11Z,True
40e3701b,RFF802,RFF802,RFF,RFF,IL76,RF-78663,,,,,OSLK,LTK,OSLK,LTK,2026-07-28T09:10:54Z,,,809.572,740.047,Military_and_government,1D3347,2026-07-28T08:05:08Z,2026-07-28T09:09:58Z,True
40e5f184,RFF8870,RFF8870,RFF,RFF,IL76,RF-78663,OSLK,LTK,2026-07-28T20:11:35Z,,UUMU,CKL,UUMU,CKL,2026-07-28T23:50:29Z,,13134.0,2779.25,2295.54,Military_and_government,1D3347,2026-07-28T20:17:43Z,2026-07-28T23:35:27Z,True
40e8eab7,RFF8865,RFF8865,RFF,RFF,IL76,RA-78840,UUMU,CKL,2026-07-29T13:57:52Z,,OSLK,LTK,OSLK,LTK,2026-07-29T18:58:40Z,17L,18048.0,2980.56,2267.08,Military_and_government,1533F8,2026-07-29T14:00:55Z,2026-07-29T18:54:19Z,True
40ea758d,RFF804,RFF804,RFF,RFF,IL76,RF-78658,,,2026-07-29T20:58:27Z,,OSLK,LTK,OSLK,LTK,2026-07-29T23:12:49Z,,8062.0,1540.27,1407.13,Military_and_government,1D3342,2026-07-29T21:03:55Z,2026-07-29T23:12:10Z,True
40eac390,RFF8866,RFF8866,RFF,RFF,IL76,RA-78840,OSLK,LTK,2026-07-29T22:49:23Z,,,,,,,,,3046.9,2246.87,Military_and_government,1533F8,2026-07-29T22:49:40Z,2026-07-30T03:27:23Z,True
40eb65a3,RFF8868,RFF8868,RFF,RFF,IL76,RF-78658,OSLK,LTK,2026-07-30T02:47:47Z,,,,,,,,,2461.19,2213.82,Military_and_government,1D3342,2026-07-30T02:48:16Z,2026-07-30T06:21:39Z,True
40ed8828,RFF8869,RFF8869,RFF,RFF,IL76,RF-78663,,,,,OSLK,LTK,OSLK,LTK,2026-07-30T16:40:58Z,17L,,1213.72,994.951,Military_and_government,1D3347,2026-07-30T14:52:28Z,2026-07-30T16:37:59Z,True
40ee5ea1,RFF801,RFF801,RFF,RFF,IL76,RF-78663,OSLK,LTK,2026-07-30T18:30:17Z,,,,,,,,,714.505,704.394,Military_and_government,1D3347,2026-07-30T18:31:38Z,2026-07-30T19:29:42Z,True
40f52839,RFF8865,RFF8865,RFF,RFF,IL76,RF-78658,UUMU,CKL,2026-08-01T09:50:10Z,,OSLK,LTK,OSLK,LTK,2026-08-01T13:55:21Z,,14711.0,2869.25,2298.56,Military_and_government,1D3342,2026-08-01T09:54:24Z,2026-08-01T13:56:19Z,True
40f666e9,RFF801,RFF801,RFF,RFF,IL76,RF-78658,OSLK,LTK,2026-08-01T16:00:26Z,,,,,,,,,1447.55,1354.12,Military_and_government,1D3342,2026-08-01T15:51:49Z,2026-08-01T18:08:19Z,True
4100cdc0,RFF8869,RFF8869,RFF,RFF,T154,RA-85563,UUMU,CKL,2026-08-04T09:32:58Z,,OSLK,LTK,OSLK,LTK,2026-08-04T13:18:02Z,,13504.0,2915.31,2286.19,Military_and_government,149C77,2026-08-04T09:38:15Z,2026-08-04T13:17:06Z,True
4104a164,RFF802,RFF802,RFF,RFF,IL76,RF-78658,,,,,OSLK,LTK,OSLK,LTK,2026-08-05T07:43:37Z,,,727.833,674.443,Military_and_government,1D3342,2026-08-05T06:40:18Z,2026-08-05T07:42:13Z,True
41056d1f,RFF8870,RFF8870,RFF,RFF,IL76,RF-78658,OSLK,LTK,2026-08-05T11:29:56Z,17L,,,,,,,,1233.14,1045.12,Military_and_government,1D3342,2026-08-05T11:30:02Z,2026-08-05T13:04:10Z,True
41072425,RFF806,RFF806,RFF,RFF,T154,RA-85563,,,,,OSLK,LTK,OSLK,LTK,2026-08-05T21:12:00Z,17L,,1439.6,1337.99,Military_and_government,149C77,2026-08-05T19:10:24Z,2026-08-05T21:05:06Z,True
4107c275,RFF8866,RFF8866,RFF,RFF,T154,RA-85563,OSLK,LTK,2026-08-05T22:34:28Z,,,,,,,,,2897.01,2323.13,Military_and_government,149C77,2026-08-05T22:35:48Z,2026-08-06T02:26:33Z,True
4108f20c,RFF804,RFF8866,RFF,RFF,IL76,RF-78663,OSLK,LTK,2026-08-06T06:35:39Z,,,,,,,,,2741.79,2304.51,Military_and_government,1D3347,2026-08-06T06:39:49Z,2026-08-06T10:26:00Z,True
410df42f,RFF7359,RFF7359,RFF,RFF,IL62,RA-86559,UUMU,CKL,2026-08-07T10:48:29Z,,OSLK,LTK,OSLK,LTK,2026-08-07T14:43:38Z,17L,14109.0,3034.89,2264.72,Military_and_government,15521F,2026-08-07T10:51:36Z,2026-08-07T14:41:21Z,True
4111ebec,RFF8880,RFF8880,RFF,RFF,IL76,RF-78663,OSLK,LTK,2026-08-08T09:01:39Z,,,,,,,,,1698.61,1211.38,Military_and_government,1D3347,2026-08-08T09:04:51Z,2026-08-08T11:13:12Z,True
41153e77,,,,,GLEX,,,,2026-08-09T07:07:38Z,,,,,,2026-08-09T07:59:42Z,,,,,Military_and_government,,2026-08-09T04:52:06Z,2026-08-09T07:57:48Z,True
41161ca6,,,,,GLEX,,,,2026-08-09T11:46:58Z,,,,,,2026-08-09T12:30:28Z,,,,,Military_and_government,,2026-08-09T11:11:58Z,2026-08-09T13:17:53Z,True
4116e2b4,RFF8881,RFF8881,RFF,RFF,IL76,RF-78663,,,,,OSLK,LTK,OSLK,LTK,2026-08-09T16:59:35Z,17L,,1387.56,1028.45,Military_and_government,1D3347,2026-08-09T14:57:38Z,2026-08-09T16:56:39Z,True
41176d7d,RFF7360,RFF7360,RFF,RFF,IL62,RA-86559,OSLK,LTK,2026-08-09T17:32:03Z,17R,,,,,2026-08-09T21:23:04Z,,13861.0,3891.96,2263.82,Military_and_government,15521F,2026-08-09T17:32:13Z,2026-08-09T21:11:42Z,True
4117bb7b,RFF801,RFF801,RFF,RFF,IL76,RF-78663,OSLK,LTK,2026-08-09T19:15:18Z,17R,,,,,,,,636.44,623.02,Military_and_government,1D3347,2026-08-09T19:11:27Z,2026-08-09T20:10:06Z,True
41210942,RFF804,RFF804,RFF,RFF,IL76,RF-78663,,,,,OSLK,LTK,OSLK,LTK,2026-08-12T03:26:19Z,,,778.018,715.62,Military_and_government,1D3347,2026-08-12T02:19:31Z,2026-08-12T03:23:27Z,True
4121b91c,RFF8880,RFF8880,RFF,RFF,IL76,RF-78663,OSLK,LTK,2026-08-12T06:55:04Z,17L,,,,,,,,2745.22,2233.66,Military_and_government,1D3347,2026-08-12T06:55:51Z,2026-08-12T13:50:00Z,True
4137ee45,RFF803,RFF803,RFF,RFF,IL76,RF-78658,OSLK,LTK,2026-08-17T15:32:18Z,,,,,,,,,635.489,612.692,Military_and_government,1D3342,2026-08-17T15:36:33Z,2026-08-17T16:34:23Z,True
414bcc67,RFF8880,RFF78658,RFF,RFF,IL76,RF-78658,OSLK,LTK,2026-08-22T09:04:55Z,17R,,,,,,,,2863.84,2288.86,Military_and_government,1D3342,2026-08-22T09:05:11Z,2026-08-22T16:05:34Z,True
4158f8c4,RFF801,RFF801,RFF,RFF,IL76,RF-78658,OSLK,LTK,2026-08-25T15:26:38Z,17R,,,,,,,,783.013,769.369,Military_and_government,1D3342,2026-08-25T15:27:52Z,2026-08-25T16:39:13Z,True
415cc29c,RFF8895,RFF8895,RFF,RFF,T154,RA-85563,UUMU,CKL,2026-08-26T13:27:12Z,,OSLK,LTK,OSLK,LTK,2026-08-26T17:21:43Z,,14071.0,2915.47,2276.73,Military_and_government,149C77,2026-08-26T13:31:44Z,2026-08-26T17:15:00Z,True
41601e10,RFF8898,RFF8898,RFF,RFF,IL76,RF-78658,OSLK,LTK,2026-08-27T08:31:16Z,17R,,,,,,,,2732.72,2263.65,Military_and_government,1D3342,2026-08-27T08:31:58Z,2026-08-27T12:12:25Z,True
4166206e,RFF8896,RFF8896,RFF,RFF,T154,RA-85563,OSLK,LTK,2026-08-28T17:20:55Z,,,,,,,,,2980.83,2278.16,Military_and_government,149C77,2026-08-28T17:23:22Z,2026-08-28T21:01:31Z,True
416c5893,RFF801,RFF801,RFF,RFF,IL76,RF-78658,OSLK,LTK,2026-08-30T09:44:27Z,,,,,,,,,4462.79,4410.61,Military_and_government,1D3342,2026-08-30T09:49:17Z,2026-08-30T20:38:48Z,True
4177a5e1,RFF802,RFF802,RFF,RFF,IL76,RF-78658,,,,,OSLK,LTK,OSLK,LTK,2026-09-02T08:08:52Z,,,1403.6,1300.73,Military_and_government,1D3342,2026-09-02T06:16:48Z,2026-09-02T08:07:04Z,True
417846db,RFF802,RFF78658,RFF,RFF,IL76,RF-78658,OSLK,LTK,2026-09-02T10:35:33Z,,,,,,,,,2685.12,2346.66,Military_and_government,1D3342,2026-09-02T10:36:55Z,2026-09-02T18:28:58Z,True
4180ff01,RFF8895,RFF8895,RSD,RFF,T154,RA-85843,UUEE,SVO,2026-09-04T13:08:47Z,06R,OSLK,LTK,OSLK,LTK,2026-09-04T17:17:15Z,,14908.0,3226.72,2305.57,Military_and_government,154F53,2026-09-04T13:14:10Z,2026-09-04T17:16:21Z,True
41816f0c,RFF803,RFF803,RFF,RFF,IL76,RF-78658,OSLK,LTK,2026-09-04T15:03:48Z,17R,,,,,,,,876.532,801.185,Military_and_government,1D3342,2026-09-04T15:04:56Z,2026-09-04T16:27:52Z,True
4188a149,RFF8900,RFF8900,RSD,RFF,T154,RA-85843,OSLK,LTK,2026-09-06T13:11:47Z,17L,,,,,,,,2814.51,2241.84,Military_and_government,154F53,2026-09-06T13:13:37Z,2026-09-06T16:26:37Z,True
